source_app,dataset,prf_source,implant_id,electrode_index,x_deg,y_deg,polar_deg,ecc_deg
web_explorer,example,wedge_dipole_schwartz,example,0,1.046814,0.154643,8.403381,1.058175
web_explorer,example,wedge_dipole_schwartz,example,1,1.042318,0.182500,9.931268,1.058175
web_explorer,example,wedge_dipole_schwartz,example,2,1.037082,0.210227,11.459156,1.058175
web_explorer,example,wedge_dipole_schwartz,example,3,1.031108,0.237804,12.987043,1.058175
web_explorer,example,wedge_dipole_schwartz,example,4,1.024400,0.265213,14.514931,1.058175
web_explorer,example,wedge_dipole_schwartz,example,5,1.016965,0.292433,16.042818,1.058175
web_explorer,example,wedge_dipole_schwartz,example,6,1.008806,0.319444,17.570706,1.058175
web_explorer,example,wedge_dipole_schwartz,example,7,0.999930,0.346229,19.098593,1.058175
web_explorer,example,wedge_dipole_schwartz,example,8,0.990342,0.372768,20.626481,1.058175
web_explorer,example,wedge_dipole_schwartz,example,9,0.980051,0.399041,22.154368,1.058175
web_explorer,example,wedge_dipole_schwartz,example,10,1.095156,0.161785,8.403381,1.107041
web_explorer,example,wedge_dipole_schwartz,example,11,1.090453,0.190928,9.931268,1.107041
web_explorer,example,wedge_dipole_schwartz,example,12,1.084974,0.219935,11.459156,1.107041
web_explorer,example,wedge_dipole_schwartz,example,13,1.078724,0.248786,12.987043,1.107041
web_explorer,example,wedge_dipole_schwartz,example,14,1.071707,0.277460,14.514931,1.107041
web_explorer,example,wedge_dipole_schwartz,example,15,1.063928,0.305937,16.042818,1.107041
web_explorer,example,wedge_dipole_schwartz,example,16,1.055393,0.334196,17.570706,1.107041
web_explorer,example,wedge_dipole_schwartz,example,17,1.046106,0.362218,19.098593,1.107041
web_explorer,example,wedge_dipole_schwartz,example,18,1.036077,0.389982,20.626481,1.107041
web_explorer,example,wedge_dipole_schwartz,example,19,1.025310,0.417469,22.154368,1.107041
web_explorer,example,wedge_dipole_schwartz,example,20,1.144804,0.169119,8.403381,1.157229
web_explorer,example,wedge_dipole_schwartz,example,21,1.139888,0.199583,9.931268,1.157229
web_explorer,example,wedge_dipole_schwartz,example,22,1.134161,0.229906,11.459156,1.157229
web_explorer,example,wedge_dipole_schwartz,example,23,1.127628,0.260065,12.987043,1.157229
web_explorer,example,wedge_dipole_schwartz,example,24,1.120293,0.290039,14.514931,1.157229
web_explorer,example,wedge_dipole_schwartz,example,25,1.112161,0.319807,16.042818,1.157229
web_explorer,example,wedge_dipole_schwartz,example,26,1.103238,0.349347,17.570706,1.157229
web_explorer,example,wedge_dipole_schwartz,example,27,1.093531,0.378639,19.098593,1.157229
web_explorer,example,wedge_dipole_schwartz,example,28,1.083047,0.407662,20.626481,1.157229
web_explorer,example,wedge_dipole_schwartz,example,29,1.071792,0.436395,22.154368,1.157229
web_explorer,example,wedge_dipole_schwartz,example,30,1.195795,0.176652,8.403381,1.208772
web_explorer,example,wedge_dipole_schwartz,example,31,1.190659,0.208473,9.931268,1.208772
web_explorer,example,wedge_dipole_schwartz,example,32,1.184677,0.240146,11.459156,1.208772
web_explorer,example,wedge_dipole_schwartz,example,33,1.177853,0.271648,12.987043,1.208772
web_explorer,example,wedge_dipole_schwartz,example,34,1.170191,0.302957,14.514931,1.208772
web_explorer,example,wedge_dipole_schwartz,example,35,1.161697,0.334051,16.042818,1.208772
web_explorer,example,wedge_dipole_schwartz,example,36,1.152377,0.364907,17.570706,1.208772
web_explorer,example,wedge_dipole_schwartz,example,37,1.142238,0.395504,19.098593,1.208772
web_explorer,example,wedge_dipole_schwartz,example,38,1.131286,0.425819,20.626481,1.208772
web_explorer,example,wedge_dipole_schwartz,example,39,1.119530,0.455832,22.154368,1.208772
web_explorer,example,wedge_dipole_schwartz,example,40,1.248163,0.184388,8.403381,1.261709
web_explorer,example,wedge_dipole_schwartz,example,41,1.242803,0.217603,9.931268,1.261709
web_explorer,example,wedge_dipole_schwartz,example,42,1.236559,0.250663,11.459156,1.261709
web_explorer,example,wedge_dipole_schwartz,example,43,1.229436,0.283545,12.987043,1.261709
web_explorer,example,wedge_dipole_schwartz,example,44,1.221438,0.316225,14.514931,1.261709
web_explorer,example,wedge_dipole_schwartz,example,45,1.212572,0.348680,16.042818,1.261709
web_explorer,example,wedge_dipole_schwartz,example,46,1.202844,0.380888,17.570706,1.261709
web_explorer,example,wedge_dipole_schwartz,example,47,1.192261,0.412824,19.098593,1.261709
web_explorer,example,wedge_dipole_schwartz,example,48,1.180829,0.444468,20.626481,1.261709
web_explorer,example,wedge_dipole_schwartz,example,49,1.168559,0.475795,22.154368,1.261709
web_explorer,example,wedge_dipole_schwartz,example,50,1.301946,0.192333,8.403381,1.316076
web_explorer,example,wedge_dipole_schwartz,example,51,1.296355,0.226979,9.931268,1.316076
web_explorer,example,wedge_dipole_schwartz,example,52,1.289842,0.261464,11.459156,1.316076
web_explorer,example,wedge_dipole_schwartz,example,53,1.282412,0.295763,12.987043,1.316076
web_explorer,example,wedge_dipole_schwartz,example,54,1.274070,0.329851,14.514931,1.316076
web_explorer,example,wedge_dipole_schwartz,example,55,1.264822,0.363705,16.042818,1.316076
web_explorer,example,wedge_dipole_schwartz,example,56,1.254675,0.397300,17.570706,1.316076
web_explorer,example,wedge_dipole_schwartz,example,57,1.243635,0.430613,19.098593,1.316076
web_explorer,example,wedge_dipole_schwartz,example,58,1.231712,0.463620,20.626481,1.316076
web_explorer,example,wedge_dipole_schwartz,example,59,1.218912,0.496297,22.154368,1.316076
web_explorer,example,wedge_dipole_schwartz,example,60,1.357184,0.200493,8.403381,1.371913
web_explorer,example,wedge_dipole_schwartz,example,61,1.351355,0.236609,9.931268,1.371913
web_explorer,example,wedge_dipole_schwartz,example,62,1.344566,0.272557,11.459156,1.371913
web_explorer,example,wedge_dipole_schwartz,example,63,1.336820,0.308311,12.987043,1.371913
web_explorer,example,wedge_dipole_schwartz,example,64,1.328125,0.343846,14.514931,1.371913
web_explorer,example,wedge_dipole_schwartz,example,65,1.318484,0.379136,16.042818,1.371913
web_explorer,example,wedge_dipole_schwartz,example,66,1.307906,0.414156,17.570706,1.371913
web_explorer,example,wedge_dipole_schwartz,example,67,1.296398,0.448883,19.098593,1.371913
web_explorer,example,wedge_dipole_schwartz,example,68,1.283969,0.483290,20.626481,1.371913
web_explorer,example,wedge_dipole_schwartz,example,69,1.270626,0.517353,22.154368,1.371913
web_explorer,example,wedge_dipole_schwartz,example,70,1.413913,0.208874,8.403381,1.429258
web_explorer,example,wedge_dipole_schwartz,example,71,1.407841,0.246499,9.931268,1.429258
web_explorer,example,wedge_dipole_schwartz,example,72,1.400768,0.283950,11.459156,1.429258
web_explorer,example,wedge_dipole_schwartz,example,73,1.392699,0.321198,12.987043,1.429258
web_explorer,example,wedge_dipole_schwartz,example,74,1.383640,0.358218,14.514931,1.429258
web_explorer,example,wedge_dipole_schwartz,example,75,1.373596,0.394984,16.042818,1.429258
web_explorer,example,wedge_dipole_schwartz,example,76,1.362576,0.431468,17.570706,1.429258
web_explorer,example,wedge_dipole_schwartz,example,77,1.350588,0.467646,19.098593,1.429258
web_explorer,example,wedge_dipole_schwartz,example,78,1.337638,0.503491,20.626481,1.429258
web_explorer,example,wedge_dipole_schwartz,example,79,1.323738,0.538978,22.154368,1.429258
web_explorer,example,wedge_dipole_schwartz,example,80,1.472176,0.217481,8.403381,1.488154
web_explorer,example,wedge_dipole_schwartz,example,81,1.465854,0.256657,9.931268,1.488154
web_explorer,example,wedge_dipole_schwartz,example,82,1.458490,0.295650,11.459156,1.488154
web_explorer,example,wedge_dipole_schwartz,example,83,1.450088,0.334434,12.987043,1.488154
web_explorer,example,wedge_dipole_schwartz,example,84,1.440655,0.372979,14.514931,1.488154
web_explorer,example,wedge_dipole_schwartz,example,85,1.430198,0.411260,16.042818,1.488154
web_explorer,example,wedge_dipole_schwartz,example,86,1.418724,0.449248,17.570706,1.488154
web_explorer,example,wedge_dipole_schwartz,example,87,1.406241,0.486916,19.098593,1.488154
web_explorer,example,wedge_dipole_schwartz,example,88,1.392758,0.524238,20.626481,1.488154
web_explorer,example,wedge_dipole_schwartz,example,89,1.378285,0.561188,22.154368,1.488154
web_explorer,example,wedge_dipole_schwartz,example,90,1.532014,0.226321,8.403381,1.548641
web_explorer,example,wedge_dipole_schwartz,example,91,1.525435,0.267089,9.931268,1.548641
web_explorer,example,wedge_dipole_schwartz,example,92,1.517771,0.307667,11.459156,1.548641
web_explorer,example,wedge_dipole_schwartz,example,93,1.509028,0.348027,12.987043,1.548641
web_explorer,example,wedge_dipole_schwartz,example,94,1.499212,0.388139,14.514931,1.548641
web_explorer,example,wedge_dipole_schwartz,example,95,1.488330,0.427976,16.042818,1.548641
web_explorer,example,wedge_dipole_schwartz,example,96,1.476389,0.467508,17.570706,1.548641
web_explorer,example,wedge_dipole_schwartz,example,97,1.463399,0.506707,19.098593,1.548641
web_explorer,example,wedge_dipole_schwartz,example,98,1.449368,0.545546,20.626481,1.548641
web_explorer,example,wedge_dipole_schwartz,example,99,1.434306,0.583997,22.154368,1.548641
